codigo;nome
0001;ACONA
0002;AIKANA
0003;AJURU
0004;AKUNSU
0005;AMANAYE
0006;AMONDAWA
0007;ANAMBE
0008;APARAI
0009;APIAKA
0010;APINAYE
0011;APURINA
0012;ARANA
0013;ARAPASO
0014;ARARA DE RONDONIA
0015;ARARA DO ACRE
0016;ARARA DO ARIPUANA
0017;ARARA DO PARA
0018;ARAWETE
0019;ARIKAPU
0020;ARIKEM
0021;ARIKOSE
0022;ARUA
0023;ARUAK
0024;ASHANINKA
0025;ASURINI DO TOCANTINS
0026;ASURINI DO XINGU
0027;ATIKUM
0028;AVA-CANOEIRO
0029;AWETI
0030;BAKAIRI
0031;BANAWA YAFI
0032;BANIWA
0033;BARA
0034;BARASANA
0035;BARE
0036;BORORO
0037;BOTOCUDO
0038;CANOE
0039;CASSUPA
0040;CHAMACOCO
0041;CHIQUITANO
0042;CIKIYANA
0043;CINTA LARGA
0044;COLUMBIARA
0045;DENI
0046;DESANA
0047;DIAHUI
0048;ENAWENE-NAWE
0049;FULNI-O
0050;GALIBI
0051;GALIBI MARWORNO
0052;GAVIAO DE RONDONIA
0053;GAVIAO KRIKATEJE
0054;GAVIAO PARKATEJE
0055;GAVIAO PUKOBIE
0056;GUAJA
0057;GUAJAJARA
0058;GUARANI KAIOWA
0059;GUARANI M BYA
0060;GUARANI NANDEVA
0061;GUATO
0062;HIMARIMA
0063;INGARIKO
0064;IRANTXE
0065;ISSE
0066;JABOTI
0067;JAMAMADI
0068;JARAWARA
0069;JIRIPANCO
0070;JUMA
0071;JURUNA
0072;JURUTI
0073;KAAPOR
0074;KADIWEU
0075;KAIABI
0076;KAIMBE
0077;KAINGANG
0078;KAIXANA
0079;KALABASSA
0080;KALANCO
0081;KALAPALO
0082;KAMAYURA
0083;KAMBA
0084;KAMBEBA
0085;KAMBIWA
0086;KAMBIWA PIPIPA
0087;KAMPE
0088;KANAMANTI
0089;KANAMARI
0090;KANELA APANIEKRA
0091;KANELA RANKOKAMEKRA
0092;KANINDE
0093;KANOE
0094;KANTARURE
0095;KAPINAWA
0096;KARAJA
0097;KARAJA/JAVAE
0098;KARAJA/XAMBIOA
0099;KARAPANA
0100;KARAPOTO
0101;KARIPUNA
0102;KARIPUNA DO AMAPA
0103;KARIRI
0104;KARIRI-XOCO
0105;KARITIANA
0106;KATAWIXI
0107;KATUENA
0108;KATUKINA
0109;KATUKINA DO ACRE
0110;KAXARARI
0111;KAXINAWA
0112;KAXIXO
0113;KAXUYANA
0114;KAYAPO
0115;KAYAPO KARARAO
0116;KAYAPO TXUKAHAMAE
0117;KAYAPO XICRIM
0118;KAYUISANA
0119;KINIKINAWA
0120;KIRIRI
0121;KOCAMA
0122;KOKUIREGATEJE
0123;KORUBO
0124;KRAHO
0125;KREJE
0126;KRENAK
0127;KRIKATI
0128;KUBEO
0129;KUIKURO
0130;KUJUBIM
0131;KULINA PANO
0132;KULINA/MADIHA
0133;KURIPAKO
0134;KURUAIA
0135;KWAZA
0136;MACHINERI
0137;MACURAP
0138;MAKU DOW
0139;MAKU HUPDA
0140;MAKU NADEB
0141;MAKU YUHUPDE
0142;MAKUNA
0143;MAKUXI
0144;MARIMAM
0145;MARUBO
0146;MATIPU
0147;MATIS
0148;MATSE
0149;MAXAKALI
0150;MAYA
0151;MAYTAPU
0152;MEHINAKO
0153;MEKEN
0154;MENKY
0155;MIRANHA
0156;MIRITI TAPUIA
0157;MUNDURUKU
0158;MURA
0159;NAHUKWA
0160;NAMBIKWARA DO CAMPO
0161;NAMBIKWARA DO NORTE
0162;NAMBIKWARA DO SUL
0163;NARAVUTE
0164;NAWA
0165;NUKINI
0166;OFAIE
0167;ORO WIN
0168;PAIAKU
0169;PAKAA NOVA
0170;PALIKUR
0171;PANARA
0172;PANKARARE
0173;PANKARARU
0174;PANKARARU KALANKO
0175;PANKARARU KARUAZU
0176;PANKARU
0177;PARAKANA
0178;PARECI
0179;PARINTINTIN
0180;PATAMONA
0181;PATAXO
0182;PATAXO HA-HA-HAE
0183;PAUMARI
0184;PAUMELENHO
0185;PIRAHA
0186;PIRATUAPUIA
0187;PITAGUARI
0188;POTIGUARA
0189;POYANAWA
0190;RIKBAKTSA
0191;SAKURABIAT
0192;SATERE-MAWE
0193;SHANENAWA
0194;SIRIANO
0195;SURIANA
0196;SURUI DE RONDONIA
0197;SURUI DO PARA
0198;SUYA
0199;TAPAYUNA
0200;TAPEBA
0201;TAPIRAPE
0202;TAPUIA
0203;TARIANO
0204;TAUREPANG
0205;TEMBE
0206;TENHARIM
0207;TERENA
0208;TICUNA
0209;TINGUI BOTO
0210;TIRIYO EWARHUYANA
0211;TIRIYO KAH YANA
0212;TIRIYO TSIKUYANA
0213;TORA
0214;TREMEMBE
0215;TRUKA
0216;TRUMAI
0217;TSOHOM DJAPA
0218;TUKANO
0219;TUMBALALA
0220;TUNAYANA
0221;TUPARI
0222;TUPINAMBA
0223;TUPINIQUIM
0224;TURIWARA
0225;TUXA
0226;TUYUKA
0227;TXIKAO
0228;UMUTINA
0229;URU-EU-WAU-WAU
0230;WAI WAI HIXKARYANA
0231;WAI WAI KARAFAWYANA
0232;WAI WAI XEREU
0233;WAI WAI KATUENA
0234;WAI WAI MAWAYANA
0235;WAIAPI
0236;WAIMIRI ATROARI
0237;WANANO
0238;WAPIXANA
0239;WAREKENA
0240;WASSU
0241;WAURA
0242;WAYANA
0243;WITOTO
0244;XAKRIABA
0245;XAVANTE
0246;XERENTE
0247;XETA
0248;XIPAIA
0249;XOKLENG
0250;XOKO
0251;XUKURU
0252;XUKURU KARIRI
0253;YAIPIYANA
0254;YAMINAWA
0255;YANOMAMI NINAM
0256;YANOMAMI SANUMA
0257;YANOMAMI YANOMAM
0258;YAWALAPITI
0259;YAWANAWA
0260;YEKUANA
0261;YUDJA
0262;ZO E
0263;ZORO
0264;ZURUAHA
0265;GUARASUGWE
0266;TUXI
0267;AIKEWARA
0268;AIMORE
0269;ALAKETESU
0270;ARARA DE RONDONIA
0271;ARARA DO ACRE
0272;ARARA DO PARA
0273;AWA GUAJA
0274;BAENA
0275;CABOCLOS DO ASSU
0276;DJEOROMITXI - JABUTI
0277;GALIBI DO OIAPOQUE
0278;GAMELA
0279;GAVIAO KRIKATEJE
0280;GUAIKURU
0281;HAHAINTESU
0282;JARICUNA
0283;KAETE
0284;KAHYANA
0285;KAMAKA
0286;KAMBIWA-PIPIPA
0287;KARIJO
0288;KATUKINA DO ACRE
0289;KRENYE
0290;KUNTANAWA
0291;LAIANA
0292;LAKONDE
0293;MANAO
0294;MEBENGOKRE KAYAPO
0295;MENKRANGNOTI
0296;MENTUKTIRE
0297;NINAM
0298;PAKAA NOVA
0299;PANKAIUKA
0300;PANKARA DA ALDEIA SERROTE DOS CAMPOS
0301;PAPAVO
0302;PIRI-PIRI
0303;POVO DO XINANE
0304;PURI
0305;SALAMAY
0306;SAPARA
0307;SIKIYANA
0308;TAMOIO
0309;TAPIUNS
0310;TENETEHARA
0311;TUKUNA
0312;TUPI-GUARANI
0313;TUPINAMBARANA
0314;URUCU
0315;WARAO
0316;WARIPI
0317;YAIPIYANA
0318;YANOMAN
0319;YUDJA
0320;YUHUPDEH
0321;MUNDURUKU CARAPRETA
0322;ARIKAPU
0323;ARUA
0324;ISSE
0326;KAMBA
0327;KAXINAWA
0328;KATXUYANA
0329;KAYAPO
0330;TAPUIA-KARIRI
0331;CURUA
0332;MARAGUA
0333;SURUI DE RONDONIA
0334;PIRIPIKURA
X265;AHANENAWA
X266;AICABA
X267;AIKANA-KWASA
X269;ALANTESU
X271;AMAWAKA
X272;ANACE
X276;ARARA APOLIMA
X278;ARIPUANA
X279;ASSURINI
X280;AWUARA
X281;BORBA
X282;CABIXI
X283;CAMARARE
X284;CAMASURI
X285;CARA PRETA
X286;CHARRUA
X287;CUJUBIM
X288;DAW
X289;GAVIAO
X290;GUARANI
X291;HALANTESU
X292;HALOTESU
X293;HENGATU
X294;HIXKARYANA
X295;HUPDE
X296;HUPDES
X297;IAUANAUA
X298;IAUARETE ACU
X299;IKPENG
X300;INAMBU
X301;INHABARANA
X302;JAVAE
X303;JENIPAPO
X304;JENIPAPO-KANINDE
X305;JIAHOI
X306;KAIOWA
X307;KAMPA
X308;KANELA
X309;KARAFAWYANA
X310;KARARAO
X311;KARUBO
X312;KASSUPA
X313;KATITHAULU
X314;KATOKIN
X315;KATUKINA PANO
X316;KATUKINA PEDA DJAPA
X317;KATUKINA SHANENAUWA
X318;KAXAGO
X319;KAYABI
X320;KINA
X321;KIRIRI-BARRA
X322;KITHAULU
X323;KOIAIA
X324;KOIUPANKA
X325;KONTANAWA
X326;KRAHO KANELA
X327;KULINA
X328;LATUNDE
X329;MAKU
X330;MAKUNAMBE
X331;MAMAINDE
X332;MAMURI
X333;MANACAPURU
X334;MANAIRISSU
X335;MANCHINERI
X336;MANDUCA
X337;MARIBONDO
X338;MASSAKA
X339;MAWAYANA
X340;MAWE
X341;MAYORUNA
X342;MIQUELENO
X343;MOKURI
X344;MON ORO WARAM
X345;MUTUM
X346;MYKY
X347;NADEB
X348;NAMBIKWARA
X349;NEGAROTE
X350;NHENGATU
X351;OFAIE XAVANTE
X352;ONCA
X353;ORO AT
X354;ORO EO
X355;ORO JOWIN
X356;ORO MIYLIN
X357;ORO MON
X358;ORO NAO
X359;ORO WAM
X360;ORO WARAM
X361;ORO WARAM XIJEIN
X362;PACA
X363;PANKARA
X364;PAPAGAIO
X365;PAYAYA
X366;PIPIPAN
X367;PIRATA
X368;PUROBORA
X369;SABANE
X370;SANUMA
X371;SAWENTESU
X372;SILCY-TAPUYA
X373;SIUCI
X374;TABAJARA
X375;TAKUARA
X376;TATU
X377;TAWANDE
X378;TEFE
X379;TIMBIRA
X380;TORA DO BAIXO GRANDE
X381;TSUNHUM-DJAPA
X382;TUBARAO
X383;TUPAIU
X384;TUPI
X385;TUPINAMBA DE BELMONTE
X386;URUBU
X387;URUBU KAAPOR
X388;URUPA
X389;WAI WAI
X390;WAIKISU
X391;WAKALITESU
X392;WASSUSU
X393;XEREU
X394;XI EIN
X395;XICRIN
X396;XIPAYA
X397;XIRIANA
X398;XIRUAI
X399;YEPAMASSA
X400;TIRIYO
X401;YANOMAMI
X402;ARARA
X403;SAKIRIABAR
X404;TATZ
X406;ARARA VERMELHA
X407;BORAR
X408;JARAQU
X409;TAPAJO
X410;ARAPYU
X411;KUMARUARA
